id	sampleName	Barcode
Bambu_AAACGGGGTGCGATAG	Bambu	AAACGGGGTGCGATAG
Bambu_AAATGCCGTGACAAAT	Bambu	AAATGCCGTGACAAAT
Bambu_AACGTTGAGAGTAAGG	Bambu	AACGTTGAGAGTAAGG
Bambu_AAGGTTCGTGAAAGAG	Bambu	AAGGTTCGTGAAAGAG
Bambu_AATCCAGAGCGTAATA	Bambu	AATCCAGAGCGTAATA
Bambu_ACACCCTTCAAGGCTT	Bambu	ACACCCTTCAAGGCTT
Bambu_ACACTGAAGTTGAGAT	Bambu	ACACTGAAGTTGAGAT
Bambu_ACACTGATCTGTCTAT	Bambu	ACACTGATCTGTCTAT
Bambu_ACAGCTAAGCGTAGTG	Bambu	ACAGCTAAGCGTAGTG
Bambu_ACATACGTCGCTTGTC	Bambu	ACATACGTCGCTTGTC
Bambu_ACCAGTATCATATCGG	Bambu	ACCAGTATCATATCGG
Bambu_ACCGTAAAGTCAAGGC	Bambu	ACCGTAAAGTCAAGGC
Bambu_ACCGTAGAGTGTCCCG	Bambu	ACCGTAGAGTGTCCCG
Bambu_ACGATACCAGAAGCAC	Bambu	ACGATACCAGAAGCAC
Bambu_ACGGCCACACAGCCCA	Bambu	ACGGCCACACAGCCCA
Bambu_AGATTGCCAATGCCAT	Bambu	AGATTGCCAATGCCAT
Bambu_AGCAGCCGTAAATGAC	Bambu	AGCAGCCGTAAATGAC
Bambu_AGCGTCGCAATGCCAT	Bambu	AGCGTCGCAATGCCAT
Bambu_AGCTTGACATCAGTCA	Bambu	AGCTTGACATCAGTCA
Bambu_AGGCCGTGTAAACCTC	Bambu	AGGCCGTGTAAACCTC
Bambu_AGGGAGTAGAAGGACA	Bambu	AGGGAGTAGAAGGACA
Bambu_AGGTCCGAGTCGATAA	Bambu	AGGTCCGAGTCGATAA
Bambu_ATAACGCGTAGGAGTC	Bambu	ATAACGCGTAGGAGTC
Bambu_ATCATGGGTAGAGGAA	Bambu	ATCATGGGTAGAGGAA
Bambu_ATCTGCCAGGATCGCA	Bambu	ATCTGCCAGGATCGCA
Bambu_ATGTGTGAGTTGTAGA	Bambu	ATGTGTGAGTTGTAGA
Bambu_ATTATCCGTGCATCTA	Bambu	ATTATCCGTGCATCTA
Bambu_ATTATCCGTTATCACG	Bambu	ATTATCCGTTATCACG
Bambu_ATTGGTGTAACCCGAG	Bambu	ATTGGTGTAACCCGAG
Bambu_CAACCAACATGATCCA	Bambu	CAACCAACATGATCCA
Bambu_CAAGAAAAGCTGATAA	Bambu	CAAGAAAAGCTGATAA
Bambu_CAAGATCAGAGTCTGG	Bambu	CAAGATCAGAGTCTGG
Bambu_CACAGTATCATTGCCC	Bambu	CACAGTATCATTGCCC
Bambu_CACATTTCAGACAGGT	Bambu	CACATTTCAGACAGGT
Bambu_CACCTTGAGTCCGTAT	Bambu	CACCTTGAGTCCGTAT
Bambu_CAGAATCTCGCATGAT	Bambu	CAGAATCTCGCATGAT
Bambu_CAGATCAAGCGTAATA	Bambu	CAGATCAAGCGTAATA
Bambu_CAGCAGCAGATCACGG	Bambu	CAGCAGCAGATCACGG
Bambu_CAGCAGCTCAACCAAC	Bambu	CAGCAGCTCAACCAAC
Bambu_CAGCATATCCGTCAAA	Bambu	CAGCATATCCGTCAAA
Bambu_CAGCGACCAGACAAGC	Bambu	CAGCGACCAGACAAGC
Bambu_CATCAAGAGTCAAGGC	Bambu	CATCAAGAGTCAAGGC
Bambu_CCATGTCTCATCGCTC	Bambu	CCATGTCTCATCGCTC
Bambu_CCCTCCTTCTACGAGT	Bambu	CCCTCCTTCTACGAGT
Bambu_CCTTACGCAAATCCGT	Bambu	CCTTACGCAAATCCGT
Bambu_CGAACATCATATACGC	Bambu	CGAACATCATATACGC
Bambu_CGAATGTCAGTCGTGC	Bambu	CGAATGTCAGTCGTGC
Bambu_CGACTTCGTACCGTAT	Bambu	CGACTTCGTACCGTAT
Bambu_CGAGCCAAGCTATGCT	Bambu	CGAGCCAAGCTATGCT
Bambu_CGAGCCACATCCCATC	Bambu	CGAGCCACATCCCATC
Bambu_CGATGTAGTATCAGTC	Bambu	CGATGTAGTATCAGTC
Bambu_CGATGTAGTCGCTTCT	Bambu	CGATGTAGTCGCTTCT
Bambu_CGCCAAGCATCCCACT	Bambu	CGCCAAGCATCCCACT
Bambu_CGCGGTATCGCGTTTC	Bambu	CGCGGTATCGCGTTTC
Bambu_CGGACTGAGTCTCGGC	Bambu	CGGACTGAGTCTCGGC
Bambu_CGGTTAAAGCACGCCT	Bambu	CGGTTAAAGCACGCCT
Bambu_CGTAGGCTCTTCGGTC	Bambu	CGTAGGCTCTTCGGTC
Bambu_CGTGTCTTCTCAAGTG	Bambu	CGTGTCTTCTCAAGTG
Bambu_CTAATGGAGTCTCCTC	Bambu	CTAATGGAGTCTCCTC
Bambu_CTAATGGGTGAAGGCT	Bambu	CTAATGGGTGAAGGCT
Bambu_CTACACCCAGAGCCAA	Bambu	CTACACCCAGAGCCAA
Bambu_CTACATTGTTACGGAG	Bambu	CTACATTGTTACGGAG
Bambu_CTCGGAGTCTAGCACA	Bambu	CTCGGAGTCTAGCACA
Bambu_CTCGTACGTTTGCATG	Bambu	CTCGTACGTTTGCATG
Bambu_CTGAAACCAATGTAAG	Bambu	CTGAAACCAATGTAAG
Bambu_CTGATCCTCTATCGCC	Bambu	CTGATCCTCTATCGCC
Bambu_CTGCCTATCACATAGC	Bambu	CTGCCTATCACATAGC
Bambu_CTGGTCTGTCGGCACT	Bambu	CTGGTCTGTCGGCACT
Bambu_CTGTGCTAGAATCTCC	Bambu	CTGTGCTAGAATCTCC
Bambu_CTGTGCTTCCTAGAAC	Bambu	CTGTGCTTCCTAGAAC
Bambu_CTTAACTTCTAACTGG	Bambu	CTTAACTTCTAACTGG
Bambu_GAATAAGTCTTTACGT	Bambu	GAATAAGTCTTTACGT
Bambu_GACGTTACAAAGAATC	Bambu	GACGTTACAAAGAATC
Bambu_GACTACAGTTCGGCAC	Bambu	GACTACAGTTCGGCAC
Bambu_GACTGCGTCGGCCGAT	Bambu	GACTGCGTCGGCCGAT
Bambu_GAGCAGACATCGGAAG	Bambu	GAGCAGACATCGGAAG
Bambu_GATCAGTGTCATATCG	Bambu	GATCAGTGTCATATCG
Bambu_GCATACAAGCGAGAAA	Bambu	GCATACAAGCGAGAAA
Bambu_GCGAGAACAATCACAC	Bambu	GCGAGAACAATCACAC
Bambu_GCGCCAATCCTCTAGC	Bambu	GCGCCAATCCTCTAGC
Bambu_GCGGGTTTCGTATCAG	Bambu	GCGGGTTTCGTATCAG
Bambu_GCTGCAGCACTTAAGC	Bambu	GCTGCAGCACTTAAGC
Bambu_GCTGCTTCATTCCTGC	Bambu	GCTGCTTCATTCCTGC
Bambu_GGATGTTAGGCCGAAT	Bambu	GGATGTTAGGCCGAAT
Bambu_GGATTACAGTCAATAG	Bambu	GGATTACAGTCAATAG
Bambu_GGATTACAGTTCGATC	Bambu	GGATTACAGTTCGATC
Bambu_GGATTACTCTGCAGTA	Bambu	GGATTACTCTGCAGTA
Bambu_GGATTACTCTTCGAGA	Bambu	GGATTACTCTTCGAGA
Bambu_GGCAATTAGATCGGGT	Bambu	GGCAATTAGATCGGGT
Bambu_GGCAATTAGTGAAGAG	Bambu	GGCAATTAGTGAAGAG
Bambu_GGGAGATGTACTTAGC	Bambu	GGGAGATGTACTTAGC
Bambu_GTACGTATCAAGGCTT	Bambu	GTACGTATCAAGGCTT
Bambu_GTACTCCTCATGTCCC	Bambu	GTACTCCTCATGTCCC
Bambu_GTAGTCATCCCTCTTT	Bambu	GTAGTCATCCCTCTTT
Bambu_GTCACGGGTCGTCTTC	Bambu	GTCACGGGTCGTCTTC
Bambu_GTCCTCGATCACCGGG	Bambu	GTCCTCGATCACCGGG
Bambu_GTCTCGTCATGAACCT	Bambu	GTCTCGTCATGAACCT
Bambu_GTCTCGTTCGGCGCAT	Bambu	GTCTCGTTCGGCGCAT
Bambu_GTGAAGGGTTCTGTTT	Bambu	GTGAAGGGTTCTGTTT
Bambu_GTGTGCGCAGTCGTGC	Bambu	GTGTGCGCAGTCGTGC
Bambu_GTTACAGAGAAACCTA	Bambu	GTTACAGAGAAACCTA
Bambu_GTTTCTAAGCGTGAGT	Bambu	GTTTCTAAGCGTGAGT
Bambu_TAAGCGTCAAAGGAAG	Bambu	TAAGCGTCAAAGGAAG
Bambu_TAAGTGCTCTACTCAT	Bambu	TAAGTGCTCTACTCAT
Bambu_TACCTTAGTTAAAGAC	Bambu	TACCTTAGTTAAAGAC
Bambu_TACGGGCTCACCCTCA	Bambu	TACGGGCTCACCCTCA
Bambu_TACTTACCAAGACGTG	Bambu	TACTTACCAAGACGTG
Bambu_TAGACCAGTATCTGCA	Bambu	TAGACCAGTATCTGCA
Bambu_TATTACCCACTCGACG	Bambu	TATTACCCACTCGACG
Bambu_TCAATCTCAGCGATCC	Bambu	TCAATCTCAGCGATCC
Bambu_TCAGATGTCACCAGGC	Bambu	TCAGATGTCACCAGGC
Bambu_TCAGCTCGTGTCTGAT	Bambu	TCAGCTCGTGTCTGAT
Bambu_TCATTACTCCACGAAT	Bambu	TCATTACTCCACGAAT
Bambu_TCATTTGTCTGGAGCC	Bambu	TCATTTGTCTGGAGCC
Bambu_TCATTTGTCTGGTATG	Bambu	TCATTTGTCTGGTATG
Bambu_TCCACACGTGCTTCTC	Bambu	TCCACACGTGCTTCTC
Bambu_TCGCGTTTCGTTACAG	Bambu	TCGCGTTTCGTTACAG
Bambu_TCGTAGAGTAGGCATG	Bambu	TCGTAGAGTAGGCATG
Bambu_TCTATTGAGTCAAGGC	Bambu	TCTATTGAGTCAAGGC
Bambu_TCTCTAACAAGCTGGA	Bambu	TCTCTAACAAGCTGGA
Bambu_TCTGGAAAGGTGACCA	Bambu	TCTGGAAAGGTGACCA
Bambu_TGAAAGATCCCTCAGT	Bambu	TGAAAGATCCCTCAGT
Bambu_TGAGCATCAATGAATG	Bambu	TGAGCATCAATGAATG
Bambu_TGAGGGAGTAAAGGAG	Bambu	TGAGGGAGTAAAGGAG
Bambu_TGCTACCTCGTAGATC	Bambu	TGCTACCTCGTAGATC
Bambu_TGGCCAGAGTACGATG	Bambu	TGGCCAGAGTACGATG
Bambu_TGGGCGTGTTCGTGAT	Bambu	TGGGCGTGTTCGTGAT
Bambu_TGGTTAGTCCGGCACA	Bambu	TGGTTAGTCCGGCACA
Bambu_TGTGTTTGTTGGAGGT	Bambu	TGTGTTTGTTGGAGGT
Bambu_TTATGCTTCCTAAGTG	Bambu	TTATGCTTCCTAAGTG
Bambu_TTCTCAACAGATCCAT	Bambu	TTCTCAACAGATCCAT
Bambu_TTGACTTAGCTGCAAG	Bambu	TTGACTTAGCTGCAAG
Bambu_TTGCGTCCAGTAGAGC	Bambu	TTGCGTCCAGTAGAGC
