#69469479-ced4-4630-b515-f816c6be83e0,GCGCGATAGCTAACAA,ATAGAGCTAGTT
#53be24f7-ea57-4d92-90a0-580d86bf6f46,TAGTGGTTCCTTTCTC,AGCGTAATAATT
#5f8aa6f2-be25-40f7-a719-07ef53c36b06,TCTGGAAAGGTGACCA,ATCTCAATCGTT
#13f879a5-5de0-4342-93eb-82d7f6c64d58,TCAATCTCAGCGATCC,GCTTAGGCCCTT
#a61fbeeb-5deb-479b-a384-bcededc609ab,ACGCCGAAGCGCCTCA,ATAAACACGGTT
#31692026-b1aa-43a3-a057-7e3b47ba0cfa,ATTGGTGAGACACTAA,ACCTAGCTTATT
#c5629d66-9d21-4b0f-a785-a4f96d92f8a3,GTATCTTCACCAGCAC,GAGAGCCACATT
#d357d436-0f65-4190-9d99-450526e84d8f,GAACCTACAGTGACAG,ATGGCGTTGGTT
#41b82951-2d2f-47f9-9220-404f7ebc33b0,GCGCGATAGCTAACAA,TCCTTAACCGAT
#5ced2881-3623-4efc-a78b-8c42d7229c8f,CGTCAGGCAATCCGAT,GTTTTCTAGTTT
#21b1cc34-1e09-4cea-8c95-24b988e351c5,TCCACACGTGCTTCTC,CCTACGGGTTTT
#2ab52185-ca3e-4cfe-b7ed-2e4a9fc24b38,GAACCTAGTAACGTTC,GTATACTTGTTT
#c38ea8cd-d286-46fe-b13c-f76c35c92840,TGGCGCATCCGCGCAA,TACTAATCGTTT
#5db749e1-1fa4-40ff-8e93-bc08d684723d,CATCGAAGTTGAGGTG,CGCTACCGTGTT
#07580e5d-433e-4b9a-aa7b-c7bc7aa5e3f7,CGGACGTTCTTCGAGA,CCATCTTTCGTT
#106b4b6d-3316-4199-858e-3e598b8aa1b8,ACTATCTCATCAGTCA,TGCTAAAGCCTT
#fd8799c0-625f-4995-a5d5-e597a2384953,CGTAGGCCATGACATC,AACACTTCTATT
#6c3b04de-5797-4cb8-89ef-f14c4db6ffe3,CGAGCCAAGCTATGCT,GTCATTCTACTT
#d272ea80-c99a-4917-8aba-d5072c4e4d3b,TTTACTGCAGTTTACG,GGAGCTTGCCTT
#2e8acc1e-c81b-487a-b38e-1fad93541ca4,CTTAACTTCTAACTGG,GGATTTTGCTTT
#61d21a0f-1544-4389-8565-04746ab6da9b,TTCCCAGCAGGGAGAG,CACCGGCCATTT
#89483101-b1ac-4926-af14-fb6b2590b143,TCATTTGTCTGGAGCC,CTCATTCACATT
#8c30bd07-e784-4afb-bb02-5d5257952467,TCTCTAACAAGCTGGA,TTCGGTCGTTTT
#98bc6151-e0f4-43fa-8a36-43640800d7eb,TAGTGGTAGCACACAG,CTCCGAGACGTT
#9854f6c5-f80e-4a8b-82c0-16a02ef0c214,GGCTCGACATACAGCT,TTGCCGAATGTT
#75b0fb89-8f82-41af-bcf8-eef8b089d2b2,CGAATGTCAGTCGTGC,ATGTATACAGTT
#a664f110-03aa-4761-b5dc-1109b1059a92,GGATTACGTTCAGACT,GACTTCGGCGTT
#333d6b78-445c-4061-91b8-7169d3631ea6,CTCTACGCATGGTCTA,GGTCAACAGGTT
#333d6b78-445c-4061-91b8-7169d3631ea6,CGTAGGCCATGACATC,ATTTTGCGTATT
#75510c75-f8f0-4707-9edd-32e3744b9bc3,CTGAAACCATGACGGA,TTGTATCCACTT
#a9fc989b-6ac2-42ae-8a57-cd6f6c222c5d,ACTATCTCATCAGTCA,TCAATGTGTTTT
#ce4dfb9c-5a77-43ec-a479-767ac748bd68,GCAATCATCATTGCGA,CGGTAGCACATT
#3492b303-fb76-4836-bd9b-3cd230224e65,ACGCCAGCACGGCTAC,CCTCAGTCAATT
#7703506f-d05a-4c42-a682-35aee5dbbaae,CGAGAAGGTCAACTGT,GCCGATGAAGTT
#d5d5d0aa-bfd3-43ab-9135-0e0212fa14c7,ACTATCTCATCAGTCA,ACCAGGTGTGTT
#cb6dae60-7c03-473e-87b5-55a521de7398,TAGTGGTAGCACACAG,TCCCGTGCCTCT
#98774aa5-cd03-4ce7-942c-3aeb8ef1c1b8,TCCACACGTGCTTCTC,GGCTGGTTCATT
#5a0270bf-f771-4f0a-925d-d6632f63e302,CATCGAAGTTGAGGTG,TTATCAATTCTT
#cc92a320-452a-4a97-b9f2-61bce4787d70,CATCGAAGTTGAGGTG,GATTGCTCTGTT
