AAACGGGGTGCGATAG,cluster1
AAATGCCGTGACAAAT,cluster1
AACGTTGAGAGTAAGG,cluster0
AAGGTTCGTGAAAGAG,cluster0
AATCCAGAGCGTAATA,cluster1
ACACCCTTCAAGGCTT,cluster0
ACACTGAAGTTGAGAT,cluster1
ACACTGATCTGTCTAT,cluster0
ACAGCTAAGCGTAGTG,cluster1
ACATACGTCGCTTGTC,cluster0
ACCAGTATCATATCGG,cluster0
ACCGTAAAGTCAAGGC,cluster1
ACCGTAGAGTGTCCCG,cluster0
ACGATACCAGAAGCAC,cluster0
ACGGCCACACAGCCCA,cluster1
AGATTGCCAATGCCAT,cluster0
AGCAGCCGTAAATGAC,cluster0
AGCGTCGCAATGCCAT,cluster0
AGCTTGACATCAGTCA,cluster1
AGGCCGTGTAAACCTC,cluster0
AGGGAGTAGAAGGACA,cluster0
AGGTCCGAGTCGATAA,cluster0
ATAACGCGTAGGAGTC,cluster0
ATCATGGGTAGAGGAA,cluster1
ATCTGCCAGGATCGCA,cluster0
ATGTGTGAGTTGTAGA,cluster0
ATTATCCGTGCATCTA,cluster0
ATTATCCGTTATCACG,cluster0
ATTGGTGTAACCCGAG,cluster0
CAACCAACATGATCCA,cluster1
CAAGAAAAGCTGATAA,cluster0
CAAGATCAGAGTCTGG,cluster0
CACAGTATCATTGCCC,cluster1
CACATTTCAGACAGGT,cluster0
CACCTTGAGTCCGTAT,cluster0
CAGAATCTCGCATGAT,cluster0
CAGATCAAGCGTAATA,cluster0
CAGCAGCAGATCACGG,cluster0
CAGCAGCTCAACCAAC,cluster0
CAGCATATCCGTCAAA,cluster1
CAGCGACCAGACAAGC,cluster0
CATCAAGAGTCAAGGC,cluster0
CCATGTCTCATCGCTC,cluster1
CCCTCCTTCTACGAGT,cluster0
CCTTACGCAAATCCGT,cluster0
CGAACATCATATACGC,cluster1
CGAATGTCAGTCGTGC,cluster1
CGACTTCGTACCGTAT,cluster0
CGAGCCAAGCTATGCT,cluster0
CGAGCCACATCCCATC,cluster0
CGATGTAGTATCAGTC,cluster0
CGATGTAGTCGCTTCT,cluster1
CGCCAAGCATCCCACT,cluster1
CGCGGTATCGCGTTTC,cluster0
CGGACTGAGTCTCGGC,cluster0
CGGTTAAAGCACGCCT,cluster0
CGTAGGCTCTTCGGTC,cluster0
CGTGTCTTCTCAAGTG,cluster0
CTAATGGAGTCTCCTC,cluster0
CTAATGGGTGAAGGCT,cluster1
CTACACCCAGAGCCAA,cluster0
CTACATTGTTACGGAG,cluster0
CTCGGAGTCTAGCACA,cluster0
CTCGTACGTTTGCATG,cluster1
CTGAAACCAATGTAAG,cluster0
CTGATCCTCTATCGCC,cluster1
CTGCCTATCACATAGC,cluster1
CTGGTCTGTCGGCACT,cluster0
CTGTGCTAGAATCTCC,cluster0
CTGTGCTTCCTAGAAC,cluster1
CTTAACTTCTAACTGG,cluster0
GAATAAGTCTTTACGT,cluster0
GACGTTACAAAGAATC,cluster0
GACTACAGTTCGGCAC,cluster0
GACTGCGTCGGCCGAT,cluster0
GAGCAGACATCGGAAG,cluster0
GATCAGTGTCATATCG,cluster1
GCATACAAGCGAGAAA,cluster1
GCGAGAACAATCACAC,cluster1
GCGCCAATCCTCTAGC,cluster0
GCGGGTTTCGTATCAG,cluster0
GCTGCAGCACTTAAGC,cluster0
GCTGCTTCATTCCTGC,cluster0
GGATGTTAGGCCGAAT,cluster0
GGATTACAGTCAATAG,cluster0
GGATTACAGTTCGATC,cluster0
GGATTACTCTGCAGTA,cluster1
GGATTACTCTTCGAGA,cluster0
GGCAATTAGATCGGGT,cluster1
GGCAATTAGTGAAGAG,cluster0
GGGAGATGTACTTAGC,cluster1
GTACGTATCAAGGCTT,cluster1
GTACTCCTCATGTCCC,cluster0
GTAGTCATCCCTCTTT,cluster0
GTCACGGGTCGTCTTC,cluster1
GTCCTCGATCACCGGG,cluster0
GTCTCGTCATGAACCT,cluster1
GTCTCGTTCGGCGCAT,cluster0
GTGAAGGGTTCTGTTT,cluster0
GTGTGCGCAGTCGTGC,cluster0
GTTACAGAGAAACCTA,cluster0
GTTTCTAAGCGTGAGT,cluster0
TAAGCGTCAAAGGAAG,cluster0
TAAGTGCTCTACTCAT,cluster1
TACCTTAGTTAAAGAC,cluster0
TACGGGCTCACCCTCA,cluster1
TACTTACCAAGACGTG,cluster0
TAGACCAGTATCTGCA,cluster0
TATTACCCACTCGACG,cluster1
TCAATCTCAGCGATCC,cluster0
TCAGATGTCACCAGGC,cluster1
TCAGCTCGTGTCTGAT,cluster0
TCATTACTCCACGAAT,cluster0
TCATTTGTCTGGAGCC,cluster0
TCATTTGTCTGGTATG,cluster0
TCCACACGTGCTTCTC,cluster1
TCGCGTTTCGTTACAG,cluster0
TCGTAGAGTAGGCATG,cluster0
TCTATTGAGTCAAGGC,cluster1
TCTCTAACAAGCTGGA,cluster1
TCTGGAAAGGTGACCA,cluster0
TGAAAGATCCCTCAGT,cluster1
TGAGCATCAATGAATG,cluster0
TGAGGGAGTAAAGGAG,cluster1
TGCTACCTCGTAGATC,cluster0
TGGCCAGAGTACGATG,cluster0
TGGGCGTGTTCGTGAT,cluster1
TGGTTAGTCCGGCACA,cluster0
TGTGTTTGTTGGAGGT,cluster0
TTATGCTTCCTAAGTG,cluster0
TTCTCAACAGATCCAT,cluster0
TTGACTTAGCTGCAAG,cluster1
TTGCGTCCAGTAGAGC,cluster0
